"role","status","uid","username","email","password","class_id","error"
"servant","failed","","servantEdady1","servantEdady1@e3dady.com","","1","Unable to detect a Project Id in the current environment. 
To learn more about authentication and Google APIs, visit: 
https://cloud.google.com/docs/authentication/getting-started"
"servant","failed","","servantEdady2","servantEdady2@e3dady.com","","1","Unable to detect a Project Id in the current environment. 
To learn more about authentication and Google APIs, visit: 
https://cloud.google.com/docs/authentication/getting-started"
"servant","failed","","servantEdady3","servantEdady3@e3dady.com","","1","Unable to detect a Project Id in the current environment. 
To learn more about authentication and Google APIs, visit: 
https://cloud.google.com/docs/authentication/getting-started"
"servant","failed","","servantEdady4","servantEdady4@e3dady.com","","1","Unable to detect a Project Id in the current environment. 
To learn more about authentication and Google APIs, visit: 
https://cloud.google.com/docs/authentication/getting-started"
"servant","failed","","servantEdady5","servantEdady5@e3dady.com","","1","Unable to detect a Project Id in the current environment. 
To learn more about authentication and Google APIs, visit: 
https://cloud.google.com/docs/authentication/getting-started"
"servant","failed","","servantEdady6","servantEdady6@e3dady.com","","1","Unable to detect a Project Id in the current environment. 
To learn more about authentication and Google APIs, visit: 
https://cloud.google.com/docs/authentication/getting-started"
"servant","failed","","servantEdady7","servantEdady7@e3dady.com","","1","Unable to detect a Project Id in the current environment. 
To learn more about authentication and Google APIs, visit: 
https://cloud.google.com/docs/authentication/getting-started"
"servant","failed","","servantEdady8","servantEdady8@e3dady.com","","1","Unable to detect a Project Id in the current environment. 
To learn more about authentication and Google APIs, visit: 
https://cloud.google.com/docs/authentication/getting-started"
"servant","failed","","servantEdady9","servantEdady9@e3dady.com","","1","Unable to detect a Project Id in the current environment. 
To learn more about authentication and Google APIs, visit: 
https://cloud.google.com/docs/authentication/getting-started"
"servant","failed","","servantEdady10","servantEdady10@e3dady.com","","1","Unable to detect a Project Id in the current environment. 
To learn more about authentication and Google APIs, visit: 
https://cloud.google.com/docs/authentication/getting-started"
"servant","failed","","servantEdady11","servantEdady11@e3dady.com","","1","Unable to detect a Project Id in the current environment. 
To learn more about authentication and Google APIs, visit: 
https://cloud.google.com/docs/authentication/getting-started"
"servant","failed","","servantEdady12","servantEdady12@e3dady.com","","1","Unable to detect a Project Id in the current environment. 
To learn more about authentication and Google APIs, visit: 
https://cloud.google.com/docs/authentication/getting-started"
"servant","failed","","servantEdady13","servantEdady13@e3dady.com","","1","Unable to detect a Project Id in the current environment. 
To learn more about authentication and Google APIs, visit: 
https://cloud.google.com/docs/authentication/getting-started"
"servant","failed","","servantEdady14","servantEdady14@e3dady.com","","1","Unable to detect a Project Id in the current environment. 
To learn more about authentication and Google APIs, visit: 
https://cloud.google.com/docs/authentication/getting-started"
"servant","failed","","servantEdady15","servantEdady15@e3dady.com","","1","Unable to detect a Project Id in the current environment. 
To learn more about authentication and Google APIs, visit: 
https://cloud.google.com/docs/authentication/getting-started"
"servant","failed","","servantEdady16","servantEdady16@e3dady.com","","1","Unable to detect a Project Id in the current environment. 
To learn more about authentication and Google APIs, visit: 
https://cloud.google.com/docs/authentication/getting-started"
"servant","failed","","servantEdady17","servantEdady17@e3dady.com","","1","Unable to detect a Project Id in the current environment. 
To learn more about authentication and Google APIs, visit: 
https://cloud.google.com/docs/authentication/getting-started"
"servant","failed","","servantEdady18","servantEdady18@e3dady.com","","1","Unable to detect a Project Id in the current environment. 
To learn more about authentication and Google APIs, visit: 
https://cloud.google.com/docs/authentication/getting-started"
"servant","failed","","servantEdady19","servantEdady19@e3dady.com","","1","Unable to detect a Project Id in the current environment. 
To learn more about authentication and Google APIs, visit: 
https://cloud.google.com/docs/authentication/getting-started"
"servant","failed","","servantEdady20","servantEdady20@e3dady.com","","1","Unable to detect a Project Id in the current environment. 
To learn more about authentication and Google APIs, visit: 
https://cloud.google.com/docs/authentication/getting-started"
"servant","failed","","servantEdady21","servantEdady21@e3dady.com","","1","Unable to detect a Project Id in the current environment. 
To learn more about authentication and Google APIs, visit: 
https://cloud.google.com/docs/authentication/getting-started"
"servant","failed","","servantEdady22","servantEdady22@e3dady.com","","1","Unable to detect a Project Id in the current environment. 
To learn more about authentication and Google APIs, visit: 
https://cloud.google.com/docs/authentication/getting-started"
"servant","failed","","servantEdady23","servantEdady23@e3dady.com","","1","Unable to detect a Project Id in the current environment. 
To learn more about authentication and Google APIs, visit: 
https://cloud.google.com/docs/authentication/getting-started"
"servant","failed","","servantEdady24","servantEdady24@e3dady.com","","1","Unable to detect a Project Id in the current environment. 
To learn more about authentication and Google APIs, visit: 
https://cloud.google.com/docs/authentication/getting-started"
"servant","failed","","servantEdady25","servantEdady25@e3dady.com","","1","Unable to detect a Project Id in the current environment. 
To learn more about authentication and Google APIs, visit: 
https://cloud.google.com/docs/authentication/getting-started"
"servant","failed","","servantEdady26","servantEdady26@e3dady.com","","1","Unable to detect a Project Id in the current environment. 
To learn more about authentication and Google APIs, visit: 
https://cloud.google.com/docs/authentication/getting-started"
"servant","failed","","servantEdady27","servantEdady27@e3dady.com","","1","Unable to detect a Project Id in the current environment. 
To learn more about authentication and Google APIs, visit: 
https://cloud.google.com/docs/authentication/getting-started"
"servant","failed","","servantEdady28","servantEdady28@e3dady.com","","1","Unable to detect a Project Id in the current environment. 
To learn more about authentication and Google APIs, visit: 
https://cloud.google.com/docs/authentication/getting-started"
"servant","failed","","servantEdady29","servantEdady29@e3dady.com","","1","Unable to detect a Project Id in the current environment. 
To learn more about authentication and Google APIs, visit: 
https://cloud.google.com/docs/authentication/getting-started"
"servant","failed","","servantEdady30","servantEdady30@e3dady.com","","1","Unable to detect a Project Id in the current environment. 
To learn more about authentication and Google APIs, visit: 
https://cloud.google.com/docs/authentication/getting-started"
"servant","failed","","servantEdady31","servantEdady31@e3dady.com","","1","Unable to detect a Project Id in the current environment. 
To learn more about authentication and Google APIs, visit: 
https://cloud.google.com/docs/authentication/getting-started"
"servant","failed","","servantEdady32","servantEdady32@e3dady.com","","1","Unable to detect a Project Id in the current environment. 
To learn more about authentication and Google APIs, visit: 
https://cloud.google.com/docs/authentication/getting-started"
"servant","failed","","servantEdady33","servantEdady33@e3dady.com","","1","Unable to detect a Project Id in the current environment. 
To learn more about authentication and Google APIs, visit: 
https://cloud.google.com/docs/authentication/getting-started"
"servant","failed","","servantEdady34","servantEdady34@e3dady.com","","1","Unable to detect a Project Id in the current environment. 
To learn more about authentication and Google APIs, visit: 
https://cloud.google.com/docs/authentication/getting-started"
"servant","failed","","servantEdady35","servantEdady35@e3dady.com","","1","Unable to detect a Project Id in the current environment. 
To learn more about authentication and Google APIs, visit: 
https://cloud.google.com/docs/authentication/getting-started"
"servant","failed","","servantEdady36","servantEdady36@e3dady.com","","1","Unable to detect a Project Id in the current environment. 
To learn more about authentication and Google APIs, visit: 
https://cloud.google.com/docs/authentication/getting-started"
"servant","failed","","servantEdady37","servantEdady37@e3dady.com","","1","Unable to detect a Project Id in the current environment. 
To learn more about authentication and Google APIs, visit: 
https://cloud.google.com/docs/authentication/getting-started"
"servant","failed","","servantEdady38","servantEdady38@e3dady.com","","1","Unable to detect a Project Id in the current environment. 
To learn more about authentication and Google APIs, visit: 
https://cloud.google.com/docs/authentication/getting-started"
"servant","failed","","servantEdady39","servantEdady39@e3dady.com","","1","Unable to detect a Project Id in the current environment. 
To learn more about authentication and Google APIs, visit: 
https://cloud.google.com/docs/authentication/getting-started"
"servant","failed","","servantEdady40","servantEdady40@e3dady.com","","1","Unable to detect a Project Id in the current environment. 
To learn more about authentication and Google APIs, visit: 
https://cloud.google.com/docs/authentication/getting-started"
"servant","failed","","servantEdady41","servantEdady41@e3dady.com","","1","Unable to detect a Project Id in the current environment. 
To learn more about authentication and Google APIs, visit: 
https://cloud.google.com/docs/authentication/getting-started"
"servant","failed","","servantEdady42","servantEdady42@e3dady.com","","1","Unable to detect a Project Id in the current environment. 
To learn more about authentication and Google APIs, visit: 
https://cloud.google.com/docs/authentication/getting-started"
"servant","failed","","servantEdady43","servantEdady43@e3dady.com","","1","Unable to detect a Project Id in the current environment. 
To learn more about authentication and Google APIs, visit: 
https://cloud.google.com/docs/authentication/getting-started"
"servant","failed","","servantEdady44","servantEdady44@e3dady.com","","1","Unable to detect a Project Id in the current environment. 
To learn more about authentication and Google APIs, visit: 
https://cloud.google.com/docs/authentication/getting-started"
"servant","failed","","servantEdady45","servantEdady45@e3dady.com","","1","Unable to detect a Project Id in the current environment. 
To learn more about authentication and Google APIs, visit: 
https://cloud.google.com/docs/authentication/getting-started"
"servant","failed","","servantEdady46","servantEdady46@e3dady.com","","1","Unable to detect a Project Id in the current environment. 
To learn more about authentication and Google APIs, visit: 
https://cloud.google.com/docs/authentication/getting-started"
"servant","failed","","servantEdady47","servantEdady47@e3dady.com","","1","Unable to detect a Project Id in the current environment. 
To learn more about authentication and Google APIs, visit: 
https://cloud.google.com/docs/authentication/getting-started"
"servant","failed","","servantEdady48","servantEdady48@e3dady.com","","1","Unable to detect a Project Id in the current environment. 
To learn more about authentication and Google APIs, visit: 
https://cloud.google.com/docs/authentication/getting-started"
"servant","failed","","servantEdady49","servantEdady49@e3dady.com","","1","Unable to detect a Project Id in the current environment. 
To learn more about authentication and Google APIs, visit: 
https://cloud.google.com/docs/authentication/getting-started"
"servant","failed","","servantEdady50","servantEdady50@e3dady.com","","1","Unable to detect a Project Id in the current environment. 
To learn more about authentication and Google APIs, visit: 
https://cloud.google.com/docs/authentication/getting-started"
"servant","failed","","servantEdady51","servantEdady51@e3dady.com","","1","Unable to detect a Project Id in the current environment. 
To learn more about authentication and Google APIs, visit: 
https://cloud.google.com/docs/authentication/getting-started"
"servant","failed","","servantEdady52","servantEdady52@e3dady.com","","1","Unable to detect a Project Id in the current environment. 
To learn more about authentication and Google APIs, visit: 
https://cloud.google.com/docs/authentication/getting-started"
"servant","failed","","servantEdady53","servantEdady53@e3dady.com","","1","Unable to detect a Project Id in the current environment. 
To learn more about authentication and Google APIs, visit: 
https://cloud.google.com/docs/authentication/getting-started"
"servant","failed","","servantEdady54","servantEdady54@e3dady.com","","1","Unable to detect a Project Id in the current environment. 
To learn more about authentication and Google APIs, visit: 
https://cloud.google.com/docs/authentication/getting-started"
"servant","failed","","servantEdady55","servantEdady55@e3dady.com","","1","Unable to detect a Project Id in the current environment. 
To learn more about authentication and Google APIs, visit: 
https://cloud.google.com/docs/authentication/getting-started"
"servant","failed","","servantEdady56","servantEdady56@e3dady.com","","1","Unable to detect a Project Id in the current environment. 
To learn more about authentication and Google APIs, visit: 
https://cloud.google.com/docs/authentication/getting-started"
"servant","failed","","servantEdady57","servantEdady57@e3dady.com","","1","Unable to detect a Project Id in the current environment. 
To learn more about authentication and Google APIs, visit: 
https://cloud.google.com/docs/authentication/getting-started"
"servant","failed","","servantEdady58","servantEdady58@e3dady.com","","1","Unable to detect a Project Id in the current environment. 
To learn more about authentication and Google APIs, visit: 
https://cloud.google.com/docs/authentication/getting-started"
"servant","failed","","servantEdady59","servantEdady59@e3dady.com","","1","Unable to detect a Project Id in the current environment. 
To learn more about authentication and Google APIs, visit: 
https://cloud.google.com/docs/authentication/getting-started"
"servant","failed","","servantEdady60","servantEdady60@e3dady.com","","1","Unable to detect a Project Id in the current environment. 
To learn more about authentication and Google APIs, visit: 
https://cloud.google.com/docs/authentication/getting-started"
"servant","failed","","servantEdady61","servantEdady61@e3dady.com","","1","Unable to detect a Project Id in the current environment. 
To learn more about authentication and Google APIs, visit: 
https://cloud.google.com/docs/authentication/getting-started"
"servant","failed","","servantEdady62","servantEdady62@e3dady.com","","1","Unable to detect a Project Id in the current environment. 
To learn more about authentication and Google APIs, visit: 
https://cloud.google.com/docs/authentication/getting-started"
"servant","failed","","servantEdady63","servantEdady63@e3dady.com","","1","Unable to detect a Project Id in the current environment. 
To learn more about authentication and Google APIs, visit: 
https://cloud.google.com/docs/authentication/getting-started"
"servant","failed","","servantEdady64","servantEdady64@e3dady.com","","1","Unable to detect a Project Id in the current environment. 
To learn more about authentication and Google APIs, visit: 
https://cloud.google.com/docs/authentication/getting-started"
"servant","failed","","servantEdady65","servantEdady65@e3dady.com","","1","Unable to detect a Project Id in the current environment. 
To learn more about authentication and Google APIs, visit: 
https://cloud.google.com/docs/authentication/getting-started"
"servant","failed","","servantEdady66","servantEdady66@e3dady.com","","1","Unable to detect a Project Id in the current environment. 
To learn more about authentication and Google APIs, visit: 
https://cloud.google.com/docs/authentication/getting-started"
"servant","failed","","servantEdady67","servantEdady67@e3dady.com","","1","Unable to detect a Project Id in the current environment. 
To learn more about authentication and Google APIs, visit: 
https://cloud.google.com/docs/authentication/getting-started"
"servant","failed","","servantEdady68","servantEdady68@e3dady.com","","1","Unable to detect a Project Id in the current environment. 
To learn more about authentication and Google APIs, visit: 
https://cloud.google.com/docs/authentication/getting-started"
"servant","failed","","servantEdady69","servantEdady69@e3dady.com","","1","Unable to detect a Project Id in the current environment. 
To learn more about authentication and Google APIs, visit: 
https://cloud.google.com/docs/authentication/getting-started"
"servant","failed","","servantEdady70","servantEdady70@e3dady.com","","1","Unable to detect a Project Id in the current environment. 
To learn more about authentication and Google APIs, visit: 
https://cloud.google.com/docs/authentication/getting-started"
"servant","failed","","servantEdady71","servantEdady71@e3dady.com","","1","Unable to detect a Project Id in the current environment. 
To learn more about authentication and Google APIs, visit: 
https://cloud.google.com/docs/authentication/getting-started"
"servant","failed","","servantEdady72","servantEdady72@e3dady.com","","1","Unable to detect a Project Id in the current environment. 
To learn more about authentication and Google APIs, visit: 
https://cloud.google.com/docs/authentication/getting-started"
"servant","failed","","servantEdady73","servantEdady73@e3dady.com","","1","Unable to detect a Project Id in the current environment. 
To learn more about authentication and Google APIs, visit: 
https://cloud.google.com/docs/authentication/getting-started"
"servant","failed","","servantEdady74","servantEdady74@e3dady.com","","1","Unable to detect a Project Id in the current environment. 
To learn more about authentication and Google APIs, visit: 
https://cloud.google.com/docs/authentication/getting-started"
"servant","failed","","servantEdady75","servantEdady75@e3dady.com","","1","Unable to detect a Project Id in the current environment. 
To learn more about authentication and Google APIs, visit: 
https://cloud.google.com/docs/authentication/getting-started"
"servant","failed","","servantEdady76","servantEdady76@e3dady.com","","1","Unable to detect a Project Id in the current environment. 
To learn more about authentication and Google APIs, visit: 
https://cloud.google.com/docs/authentication/getting-started"
"servant","failed","","servantEdady77","servantEdady77@e3dady.com","","1","Unable to detect a Project Id in the current environment. 
To learn more about authentication and Google APIs, visit: 
https://cloud.google.com/docs/authentication/getting-started"
"servant","failed","","servantEdady78","servantEdady78@e3dady.com","","1","Unable to detect a Project Id in the current environment. 
To learn more about authentication and Google APIs, visit: 
https://cloud.google.com/docs/authentication/getting-started"
"servant","failed","","servantEdady79","servantEdady79@e3dady.com","","1","Unable to detect a Project Id in the current environment. 
To learn more about authentication and Google APIs, visit: 
https://cloud.google.com/docs/authentication/getting-started"
"servant","failed","","servantEdady80","servantEdady80@e3dady.com","","1","Unable to detect a Project Id in the current environment. 
To learn more about authentication and Google APIs, visit: 
https://cloud.google.com/docs/authentication/getting-started"
"servant","failed","","servantEdady81","servantEdady81@e3dady.com","","1","Unable to detect a Project Id in the current environment. 
To learn more about authentication and Google APIs, visit: 
https://cloud.google.com/docs/authentication/getting-started"
"servant","failed","","servantEdady82","servantEdady82@e3dady.com","","1","Unable to detect a Project Id in the current environment. 
To learn more about authentication and Google APIs, visit: 
https://cloud.google.com/docs/authentication/getting-started"
"servant","failed","","servantEdady83","servantEdady83@e3dady.com","","1","Unable to detect a Project Id in the current environment. 
To learn more about authentication and Google APIs, visit: 
https://cloud.google.com/docs/authentication/getting-started"
"servant","failed","","servantEdady84","servantEdady84@e3dady.com","","1","Unable to detect a Project Id in the current environment. 
To learn more about authentication and Google APIs, visit: 
https://cloud.google.com/docs/authentication/getting-started"
"servant","failed","","servantEdady85","servantEdady85@e3dady.com","","1","Unable to detect a Project Id in the current environment. 
To learn more about authentication and Google APIs, visit: 
https://cloud.google.com/docs/authentication/getting-started"
"servant","failed","","servantEdady86","servantEdady86@e3dady.com","","1","Unable to detect a Project Id in the current environment. 
To learn more about authentication and Google APIs, visit: 
https://cloud.google.com/docs/authentication/getting-started"
"servant","failed","","servantEdady87","servantEdady87@e3dady.com","","1","Unable to detect a Project Id in the current environment. 
To learn more about authentication and Google APIs, visit: 
https://cloud.google.com/docs/authentication/getting-started"
"servant","failed","","servantEdady88","servantEdady88@e3dady.com","","1","Unable to detect a Project Id in the current environment. 
To learn more about authentication and Google APIs, visit: 
https://cloud.google.com/docs/authentication/getting-started"
"servant","failed","","servantEdady89","servantEdady89@e3dady.com","","1","Unable to detect a Project Id in the current environment. 
To learn more about authentication and Google APIs, visit: 
https://cloud.google.com/docs/authentication/getting-started"
"servant","failed","","servantEdady90","servantEdady90@e3dady.com","","1","Unable to detect a Project Id in the current environment. 
To learn more about authentication and Google APIs, visit: 
https://cloud.google.com/docs/authentication/getting-started"
"servant","failed","","servantEdady91","servantEdady91@e3dady.com","","1","Unable to detect a Project Id in the current environment. 
To learn more about authentication and Google APIs, visit: 
https://cloud.google.com/docs/authentication/getting-started"
"servant","failed","","servantEdady92","servantEdady92@e3dady.com","","1","Unable to detect a Project Id in the current environment. 
To learn more about authentication and Google APIs, visit: 
https://cloud.google.com/docs/authentication/getting-started"
"servant","failed","","servantEdady93","servantEdady93@e3dady.com","","1","Unable to detect a Project Id in the current environment. 
To learn more about authentication and Google APIs, visit: 
https://cloud.google.com/docs/authentication/getting-started"
"servant","failed","","servantEdady94","servantEdady94@e3dady.com","","1","Unable to detect a Project Id in the current environment. 
To learn more about authentication and Google APIs, visit: 
https://cloud.google.com/docs/authentication/getting-started"
"servant","failed","","servantEdady95","servantEdady95@e3dady.com","","1","Unable to detect a Project Id in the current environment. 
To learn more about authentication and Google APIs, visit: 
https://cloud.google.com/docs/authentication/getting-started"
"servant","failed","","servantEdady96","servantEdady96@e3dady.com","","1","Unable to detect a Project Id in the current environment. 
To learn more about authentication and Google APIs, visit: 
https://cloud.google.com/docs/authentication/getting-started"
"servant","failed","","servantEdady97","servantEdady97@e3dady.com","","1","Unable to detect a Project Id in the current environment. 
To learn more about authentication and Google APIs, visit: 
https://cloud.google.com/docs/authentication/getting-started"
"servant","failed","","servantEdady98","servantEdady98@e3dady.com","","1","Unable to detect a Project Id in the current environment. 
To learn more about authentication and Google APIs, visit: 
https://cloud.google.com/docs/authentication/getting-started"
"servant","failed","","servantEdady99","servantEdady99@e3dady.com","","1","Unable to detect a Project Id in the current environment. 
To learn more about authentication and Google APIs, visit: 
https://cloud.google.com/docs/authentication/getting-started"
"servant","failed","","servantEdady100","servantEdady100@e3dady.com","","1","Unable to detect a Project Id in the current environment. 
To learn more about authentication and Google APIs, visit: 
https://cloud.google.com/docs/authentication/getting-started"
"admin","failed","","adminEdady1","adminEdady1@e3dady.com","","","Unable to detect a Project Id in the current environment. 
To learn more about authentication and Google APIs, visit: 
https://cloud.google.com/docs/authentication/getting-started"
"admin","failed","","adminEdady2","adminEdady2@e3dady.com","","","Unable to detect a Project Id in the current environment. 
To learn more about authentication and Google APIs, visit: 
https://cloud.google.com/docs/authentication/getting-started"
"admin","failed","","adminEdady3","adminEdady3@e3dady.com","","","Unable to detect a Project Id in the current environment. 
To learn more about authentication and Google APIs, visit: 
https://cloud.google.com/docs/authentication/getting-started"
"admin","failed","","adminEdady4","adminEdady4@e3dady.com","","","Unable to detect a Project Id in the current environment. 
To learn more about authentication and Google APIs, visit: 
https://cloud.google.com/docs/authentication/getting-started"
"admin","failed","","adminEdady5","adminEdady5@e3dady.com","","","Unable to detect a Project Id in the current environment. 
To learn more about authentication and Google APIs, visit: 
https://cloud.google.com/docs/authentication/getting-started"
"admin","failed","","adminEdady6","adminEdady6@e3dady.com","","","Unable to detect a Project Id in the current environment. 
To learn more about authentication and Google APIs, visit: 
https://cloud.google.com/docs/authentication/getting-started"
"admin","failed","","adminEdady7","adminEdady7@e3dady.com","","","Unable to detect a Project Id in the current environment. 
To learn more about authentication and Google APIs, visit: 
https://cloud.google.com/docs/authentication/getting-started"
"admin","failed","","adminEdady8","adminEdady8@e3dady.com","","","Unable to detect a Project Id in the current environment. 
To learn more about authentication and Google APIs, visit: 
https://cloud.google.com/docs/authentication/getting-started"
"admin","failed","","adminEdady9","adminEdady9@e3dady.com","","","Unable to detect a Project Id in the current environment. 
To learn more about authentication and Google APIs, visit: 
https://cloud.google.com/docs/authentication/getting-started"
"admin","failed","","adminEdady10","adminEdady10@e3dady.com","","","Unable to detect a Project Id in the current environment. 
To learn more about authentication and Google APIs, visit: 
https://cloud.google.com/docs/authentication/getting-started"
"admin","failed","","adminEdady11","adminEdady11@e3dady.com","","","Unable to detect a Project Id in the current environment. 
To learn more about authentication and Google APIs, visit: 
https://cloud.google.com/docs/authentication/getting-started"
"admin","failed","","adminEdady12","adminEdady12@e3dady.com","","","Unable to detect a Project Id in the current environment. 
To learn more about authentication and Google APIs, visit: 
https://cloud.google.com/docs/authentication/getting-started"
"admin","failed","","adminEdady13","adminEdady13@e3dady.com","","","Unable to detect a Project Id in the current environment. 
To learn more about authentication and Google APIs, visit: 
https://cloud.google.com/docs/authentication/getting-started"
"admin","failed","","adminEdady14","adminEdady14@e3dady.com","","","Unable to detect a Project Id in the current environment. 
To learn more about authentication and Google APIs, visit: 
https://cloud.google.com/docs/authentication/getting-started"
"admin","failed","","adminEdady15","adminEdady15@e3dady.com","","","Unable to detect a Project Id in the current environment. 
To learn more about authentication and Google APIs, visit: 
https://cloud.google.com/docs/authentication/getting-started"
"admin","failed","","adminEdady16","adminEdady16@e3dady.com","","","Unable to detect a Project Id in the current environment. 
To learn more about authentication and Google APIs, visit: 
https://cloud.google.com/docs/authentication/getting-started"
"admin","failed","","adminEdady17","adminEdady17@e3dady.com","","","Unable to detect a Project Id in the current environment. 
To learn more about authentication and Google APIs, visit: 
https://cloud.google.com/docs/authentication/getting-started"
"admin","failed","","adminEdady18","adminEdady18@e3dady.com","","","Unable to detect a Project Id in the current environment. 
To learn more about authentication and Google APIs, visit: 
https://cloud.google.com/docs/authentication/getting-started"
"admin","failed","","adminEdady19","adminEdady19@e3dady.com","","","Unable to detect a Project Id in the current environment. 
To learn more about authentication and Google APIs, visit: 
https://cloud.google.com/docs/authentication/getting-started"
"admin","failed","","adminEdady20","adminEdady20@e3dady.com","","","Unable to detect a Project Id in the current environment. 
To learn more about authentication and Google APIs, visit: 
https://cloud.google.com/docs/authentication/getting-started"
"admin","failed","","adminEdady21","adminEdady21@e3dady.com","","","Unable to detect a Project Id in the current environment. 
To learn more about authentication and Google APIs, visit: 
https://cloud.google.com/docs/authentication/getting-started"
"admin","failed","","adminEdady22","adminEdady22@e3dady.com","","","Unable to detect a Project Id in the current environment. 
To learn more about authentication and Google APIs, visit: 
https://cloud.google.com/docs/authentication/getting-started"
"admin","failed","","adminEdady23","adminEdady23@e3dady.com","","","Unable to detect a Project Id in the current environment. 
To learn more about authentication and Google APIs, visit: 
https://cloud.google.com/docs/authentication/getting-started"
"admin","failed","","adminEdady24","adminEdady24@e3dady.com","","","Unable to detect a Project Id in the current environment. 
To learn more about authentication and Google APIs, visit: 
https://cloud.google.com/docs/authentication/getting-started"
"admin","failed","","adminEdady25","adminEdady25@e3dady.com","","","Unable to detect a Project Id in the current environment. 
To learn more about authentication and Google APIs, visit: 
https://cloud.google.com/docs/authentication/getting-started"
"admin","failed","","adminEdady26","adminEdady26@e3dady.com","","","Unable to detect a Project Id in the current environment. 
To learn more about authentication and Google APIs, visit: 
https://cloud.google.com/docs/authentication/getting-started"
"admin","failed","","adminEdady27","adminEdady27@e3dady.com","","","Unable to detect a Project Id in the current environment. 
To learn more about authentication and Google APIs, visit: 
https://cloud.google.com/docs/authentication/getting-started"
"admin","failed","","adminEdady28","adminEdady28@e3dady.com","","","Unable to detect a Project Id in the current environment. 
To learn more about authentication and Google APIs, visit: 
https://cloud.google.com/docs/authentication/getting-started"
"admin","failed","","adminEdady29","adminEdady29@e3dady.com","","","Unable to detect a Project Id in the current environment. 
To learn more about authentication and Google APIs, visit: 
https://cloud.google.com/docs/authentication/getting-started"
"admin","failed","","adminEdady30","adminEdady30@e3dady.com","","","Unable to detect a Project Id in the current environment. 
To learn more about authentication and Google APIs, visit: 
https://cloud.google.com/docs/authentication/getting-started"
"admin","failed","","adminEdady31","adminEdady31@e3dady.com","","","Unable to detect a Project Id in the current environment. 
To learn more about authentication and Google APIs, visit: 
https://cloud.google.com/docs/authentication/getting-started"
"admin","failed","","adminEdady32","adminEdady32@e3dady.com","","","Unable to detect a Project Id in the current environment. 
To learn more about authentication and Google APIs, visit: 
https://cloud.google.com/docs/authentication/getting-started"
"admin","failed","","adminEdady33","adminEdady33@e3dady.com","","","Unable to detect a Project Id in the current environment. 
To learn more about authentication and Google APIs, visit: 
https://cloud.google.com/docs/authentication/getting-started"
"admin","failed","","adminEdady34","adminEdady34@e3dady.com","","","Unable to detect a Project Id in the current environment. 
To learn more about authentication and Google APIs, visit: 
https://cloud.google.com/docs/authentication/getting-started"
"admin","failed","","adminEdady35","adminEdady35@e3dady.com","","","Unable to detect a Project Id in the current environment. 
To learn more about authentication and Google APIs, visit: 
https://cloud.google.com/docs/authentication/getting-started"
"admin","failed","","adminEdady36","adminEdady36@e3dady.com","","","Unable to detect a Project Id in the current environment. 
To learn more about authentication and Google APIs, visit: 
https://cloud.google.com/docs/authentication/getting-started"
"admin","failed","","adminEdady37","adminEdady37@e3dady.com","","","Unable to detect a Project Id in the current environment. 
To learn more about authentication and Google APIs, visit: 
https://cloud.google.com/docs/authentication/getting-started"
"admin","failed","","adminEdady38","adminEdady38@e3dady.com","","","Unable to detect a Project Id in the current environment. 
To learn more about authentication and Google APIs, visit: 
https://cloud.google.com/docs/authentication/getting-started"
"admin","failed","","adminEdady39","adminEdady39@e3dady.com","","","Unable to detect a Project Id in the current environment. 
To learn more about authentication and Google APIs, visit: 
https://cloud.google.com/docs/authentication/getting-started"
"admin","failed","","adminEdady40","adminEdady40@e3dady.com","","","Unable to detect a Project Id in the current environment. 
To learn more about authentication and Google APIs, visit: 
https://cloud.google.com/docs/authentication/getting-started"
"admin","failed","","adminEdady41","adminEdady41@e3dady.com","","","Unable to detect a Project Id in the current environment. 
To learn more about authentication and Google APIs, visit: 
https://cloud.google.com/docs/authentication/getting-started"
"admin","failed","","adminEdady42","adminEdady42@e3dady.com","","","Unable to detect a Project Id in the current environment. 
To learn more about authentication and Google APIs, visit: 
https://cloud.google.com/docs/authentication/getting-started"
"admin","failed","","adminEdady43","adminEdady43@e3dady.com","","","Unable to detect a Project Id in the current environment. 
To learn more about authentication and Google APIs, visit: 
https://cloud.google.com/docs/authentication/getting-started"
"admin","failed","","adminEdady44","adminEdady44@e3dady.com","","","Unable to detect a Project Id in the current environment. 
To learn more about authentication and Google APIs, visit: 
https://cloud.google.com/docs/authentication/getting-started"
"admin","failed","","adminEdady45","adminEdady45@e3dady.com","","","Unable to detect a Project Id in the current environment. 
To learn more about authentication and Google APIs, visit: 
https://cloud.google.com/docs/authentication/getting-started"
"admin","failed","","adminEdady46","adminEdady46@e3dady.com","","","Unable to detect a Project Id in the current environment. 
To learn more about authentication and Google APIs, visit: 
https://cloud.google.com/docs/authentication/getting-started"
"admin","failed","","adminEdady47","adminEdady47@e3dady.com","","","Unable to detect a Project Id in the current environment. 
To learn more about authentication and Google APIs, visit: 
https://cloud.google.com/docs/authentication/getting-started"
"admin","failed","","adminEdady48","adminEdady48@e3dady.com","","","Unable to detect a Project Id in the current environment. 
To learn more about authentication and Google APIs, visit: 
https://cloud.google.com/docs/authentication/getting-started"
"admin","failed","","adminEdady49","adminEdady49@e3dady.com","","","Unable to detect a Project Id in the current environment. 
To learn more about authentication and Google APIs, visit: 
https://cloud.google.com/docs/authentication/getting-started"
"admin","failed","","adminEdady50","adminEdady50@e3dady.com","","","Unable to detect a Project Id in the current environment. 
To learn more about authentication and Google APIs, visit: 
https://cloud.google.com/docs/authentication/getting-started"